xjkgskdghdghdghfiodhf,465465645464,DESIGNER,6464654645,HaNoi
Milktea English,dat152@gmail.com,DEVELOPER,09966564  ,Ha Noi
Milktea English,hjh@gmail.com,DESIGNER,09966564  ,Ha Noi
Milktea English,da2r@gmail.com,DEVELOPER,0030303030,Ha Noi
Milktea English,datgdgg@gmail.vom,DEVERLOPER,030303032 ,Ha Noi
Milktea English,Datviboi11@gmail.com,TESTER,003030360 ,Ha Noi
Dat2245,Dat1666@gmail.com,TESTER,1239887   ,hOANGQUOCVIET 1a
Milktea English,datgqqgg@gmail.vom,DESIGN,03011103  ,
Dat32,Dat5@gmail.com,TESTER,12395778  ,hOANGQUOCVIET 1
Dat42,Dat46@gmail.com,TESTER,12395778  ,hOANGQUOCVIET 1
Dat52 ,Dat56@gmail.com,TESTER,123987788 ,hOANGQUOCVIET 1
Trần Bá Đạt2,dar3@gmail.com,DESIGNER,005503030 ,Ha Noi
Vũ Đình Quang,quang1997@gmail.com,DESIGNER,          ,Ha Noi
Nguyễn Hoàng Ánh,hoanganh@gmail.com,DESIGNER,0383893999,
Milktea English,datgagg@gmail.vom,DEVERLOPER,03030322  ,Ha Noi
Milktea English,datggg@gail.vom,DEVELOPER,0303032266,Ha Noi
Milktea English,datggg88@gmail.vom,DEVERLOPER,          ,
Milktea English,datggxg@gmail.vom,DEVERLOPER,030330303 ,Ha Noi
wwww,datwggg@gmail.vom,TESTER,030303221 ,
Dat1,Dat1@gmail.com,TESTER,1239877   ,hOANGQUOCVIET 1a
Dat2,Dat2.com,TESTER,1239879   ,hOANGQUOCVIET 1
Dat3,Dat3@gmail.com,TESTER,12398778  ,hOANGQUOCVIET 1
